Farm Name	Greenhouse Number	GH Area (SQM)	Bay Number	Variety Planted	No. of Plants
Star	STGH01A	4840	1	Red Calypso	1000
Star	STGH01A		2	Red Calypso	1000
Star	STGH01A		3	Red Calypso	1000
Star	STGH01A		4	Red Calypso	1000
Star	STGH01A		5	Red Calypso	1000
Star	STGH01A		6	Red Calypso	1000
Star	STGH01A		7	Red Calypso	1000
Star	STGH01A		8	Red Calypso	1000
Star	STGH01A		9	Red Calypso	1000
Star	STGH01A		10	Red Calypso	1000
Star	STGH01A		11	Red Calypso	1000
Star	STGH01B	4028	1	Simply Orange	1000
Star	STGH01B		2	Simply Orange	1000
Star	STGH01B		3	Simply Orange	1000
Star	STGH01B		4	Simply Orange	1000
Star	STGH01B		5	Simply Orange	1000
Star	STGH01B		6	Simply Orange	1000
Star	STGH01B		7	Simply Orange	1000
Star	STGH01B		8	Simply Orange	1000
Star	STGH01B		9	Simply Orange	1000
Star	STGH01B		10	Simply Orange	1000
Star	STGH01B		11	Simply Orange	1000
Star	STGH01C	4028	1	Simply Orange	1000
Star	STGH01C		2	Simply Orange	1000
Star	STGH01C		3	Simply Orange	1000
Star	STGH01C		4	Simply Orange	1000
Star	STGH01C		5	Simply Orange	1000
Star	STGH01C		6	Simply Orange	1000
Star	STGH01C		7	Simply Orange	1000
Star	STGH01C		8	Simply Orange	1000
Star	STGH01C		9	Simply Orange	1000
Star	STGH01C		10	Simply Orange	1000
Star	STGH01C		11	Simply Orange	1000
Star	STGH01D	4028	1	Simply Orange	1000
Star	STGH01D		2	Simply Orange	1000
Star	STGH01D		3	Simply Orange	1000
Star	STGH01D		4	Simply Orange	1000
Star	STGH01D		5	Simply Orange	1000
Star	STGH01D		6	Simply Orange	1000
Star	STGH01D		7	Simply Orange	1000
Star	STGH01D		8	Simply Orange	1000
Star	STGH01D		9	Simply Orange	1000
Star	STGH01D		10	Simply Orange	1000
Star	STGH01D		11	Simply Orange	1000
Star	STGH02A	3447	1	Fuschiana	1000
Star	STGH02A		2	Fuschiana	1000
Star	STGH02A		3	Fuschiana	1000
Star	STGH02A		4	Fuschiana	1000
Star	STGH02A		5	Fuschiana	1000
Star	STGH02A		6	Fuschiana	1000
Star	STGH02A		7	Fuschiana	1000
Star	STGH02A		8	Fuschiana	1000
Star	STGH02A		9	Fuschiana	1000
Star	STGH02A		10	Fuschiana	1000
Star	STGH02A		11	Fuschiana	1000
Star	STGH02B	3447	1	Fuschiana	1000
Star	STGH02B		2	Fuschiana	1000
Star	STGH02B		3	Fuschiana	1000
Star	STGH02B		4	Fuschiana	1000
Star	STGH02B		5	Fuschiana	1000
Star	STGH02B		6	Fuschiana	1000
Star	STGH02B		7	Fuschiana	1000
Star	STGH02B		8	Fuschiana	1000
Star	STGH02B		9	Fuschiana	1000
Star	STGH02B		10	Fuschiana	1000
Star	STGH02B		11	Fuschiana	1000
Star	STGH02C	3447	1	Fuschiana	1000
Star	STGH02C		2	Fuschiana	1000
Star	STGH02C		3	Fuschiana	1000
Star	STGH02C		4	Fuschiana	1000
Star	STGH02C		5	Fuschiana	1000
Star	STGH02C		6	Fuschiana	1000
Star	STGH02C		7	Fuschiana	1000
Star	STGH02C		8	Fuschiana	1000
Star	STGH02C		9	Fuschiana	1000
Star	STGH02C		10	Fuschiana	1000
Star	STGH02C		11	Fuschiana	1000
Star	STGH02D	3446	1	Fuschiana	1000
Star	STGH02D		2	Fuschiana	1000
Star	STGH02D		3	Fuschiana	1000
Star	STGH02D		4	Fuschiana	1000
Star	STGH02D		5	Fuschiana	1000
Star	STGH02D		6	Fuschiana	1000
Star	STGH02D		7	Fuschiana	1000
Star	STGH02D		8	Fuschiana	1000
Star	STGH02D		9	Fuschiana	1000
Star	STGH02D		10	Fuschiana	1000
Star	STGH02D		11	Fuschiana	1000
Star	STGH02E	3446	1	Fuschiana	1000
Star	STGH02E		2	Fuschiana	1000
Star	STGH02E		3	Fuschiana	1000
Star	STGH02E		4	Fuschiana	1000
Star	STGH02E		5	Fuschiana	1000
Star	STGH02E		6	Fuschiana	1000
Star	STGH02E		7	Fuschiana	1000
Star	STGH02E		8	Fuschiana	1000
Star	STGH02E		9	Fuschiana	1000
Star	STGH02E		10	Fuschiana	1000
Star	STGH02E		11	Fuschiana	1000
Star	STGH02F	3447	1	Fuschiana	1000
Star	STGH02F		2	Fuschiana	1000
Star	STGH02F		3	Fuschiana	1000
Star	STGH02F		4	Fuschiana	1000
Star	STGH02F		5	Fuschiana	1000
Star	STGH02F		6	Fuschiana	1000
Star	STGH02F		7	Fuschiana	1000
Star	STGH02F		8	Fuschiana	1000
Star	STGH02F		9	Fuschiana	1000
Star	STGH02F		10	Fuschiana	1000
Star	STGH02F		11	Fuschiana	1000
Star	STGH03A	5280	1	Athena	1000
Star	STGH03A		2	Athena	1000
Star	STGH03A		3	Athena	1000
Star	STGH03A		4	Athena	1000
Star	STGH03A		5	Athena	1000
Star	STGH03A		6	Athena	1000
Star	STGH03A		7	Athena	1000
Star	STGH03A		8	Athena	1000
Star	STGH03A		9	Athena	1000
Star	STGH03A		10	Athena	1000
Star	STGH03A		11	Athena	1000
Star	STGH03B	5280	1	Athena	1000
Star	STGH03B		2	Athena	1000
Star	STGH03B		3	Athena	1000
Star	STGH03B		4	Athena	1000
Star	STGH03B		5	Athena	1000
Star	STGH03B		6	Athena	1000
Star	STGH03B		7	Athena	1000
Star	STGH03B		8	Athena	1000
Star	STGH03B		9	Athena	1000
Star	STGH03B		10	Athena	1000
Star	STGH03B		11	Athena	1000
Star	STGH03C	2530	1	Simply Pink	1000
Star	STGH03C		2	Simply Pink	1000
Star	STGH03C		3	Simply Pink	1000
Star	STGH03C		4	Simply Pink	1000
Star	STGH03C		5	Simply Pink	1000
Star	STGH03C		6	Simply Pink	1000
Star	STGH03C		7	Simply Pink	1000
Star	STGH03C		8	Simply Pink	1000
Star	STGH03C		9	Simply Pink	1000
Star	STGH03C		10	Simply Pink	1000
Star	STGH03C		11	Simply Pink	1000
Star	STGH03D	2530	1	Simply Pink	1000
Star	STGH03D		2	Simply Pink	1000
Star	STGH03D		3	Simply Pink	1000
Star	STGH03D		4	Simply Pink	1000
Star	STGH03D		5	Simply Pink	1000
Star	STGH03D		6	Simply Pink	1000
Star	STGH03D		7	Simply Pink	1000
Star	STGH03D		8	Simply Pink	1000
Star	STGH03D		9	Simply Pink	1000
Star	STGH03D		10	Simply Pink	1000
Star	STGH03D		11	Simply Pink	1000
Star	STGH03E	2530	1	Simply Pink	1000
Star	STGH03E		2	Simply Pink	1000
Star	STGH03E		3	Simply Pink	1000
Star	STGH03E		4	Simply Pink	1000
Star	STGH03E		5	Simply Pink	1000
Star	STGH03E		6	Simply Pink	1000
Star	STGH03E		7	Simply Pink	1000
Star	STGH03E		8	Simply Pink	1000
Star	STGH03E		9	Simply Pink	1000
Star	STGH03E		10	Simply Pink	1000
Star	STGH03E		11	Simply Pink	1000
Star	STGH03F	2530	1	Simply Pink	1000
Star	STGH03F		2	Simply Pink	1000
Star	STGH03F		3	Simply Pink	1000
Star	STGH03F		4	Simply Pink	1000
Star	STGH03F		5	Simply Pink	1000
Star	STGH03F		6	Simply Pink	1000
Star	STGH03F		7	Simply Pink	1000
Star	STGH03F		8	Simply Pink	1000
Star	STGH03F		9	Simply Pink	1000
Star	STGH03F		10	Simply Pink	1000
Star	STGH03F		11	Simply Pink	1000
Star	STGH04A	3877.5	1	Athena	1000
Star	STGH04A		2	Athena	1000
Star	STGH04A		3	Athena	1000
Star	STGH04A		4	Athena	1000
Star	STGH04A		5	Athena	1000
Star	STGH04A		6	Athena	1000
Star	STGH04A		7	Athena	1000
Star	STGH04A		8	Athena	1000
Star	STGH04A		9	Athena	1000
Star	STGH04A		10	Athena	1000
Star	STGH04A		11	Athena	1000
Star	STGH04B	3877.5	1	Athena	1000
Star	STGH04B		2	Athena	1000
Star	STGH04B		3	Athena	1000
Star	STGH04B		4	Athena	1000
Star	STGH04B		5	Athena	1000
Star	STGH04B		6	Athena	1000
Star	STGH04B		7	Athena	1000
Star	STGH04B		8	Athena	1000
Star	STGH04B		9	Athena	1000
Star	STGH04B		10	Athena	1000
Star	STGH04B		11	Athena	1000
Star	STGH04C	3877.5	1	Athena	1000
Star	STGH04C		2	Athena	1000
Star	STGH04C		3	Athena	1000
Star	STGH04C		4	Athena	1000
Star	STGH04C		5	Athena	1000
Star	STGH04C		6	Athena	1000
Star	STGH04C		7	Athena	1000
Star	STGH04C		8	Athena	1000
Star	STGH04C		9	Athena	1000
Star	STGH04C		10	Athena	1000
Star	STGH04C		11	Athena	1000
Star	STGH04D	3877.5	1	Athena	1000
Star	STGH04D		2	Athena	1000
Star	STGH04D		3	Athena	1000
Star	STGH04D		4	Athena	1000
Star	STGH04D		5	Athena	1000
Star	STGH04D		6	Athena	1000
Star	STGH04D		7	Athena	1000
Star	STGH04D		8	Athena	1000
Star	STGH04D		9	Athena	1000
Star	STGH04D		10	Athena	1000
Star	STGH04D		11	Athena	1000
Star	STGH04E	2585	1	Simply Orange	1000
Star	STGH04E		2	Simply Orange	1000
Star	STGH04E		3	Simply Orange	1000
Star	STGH04E		4	Simply Orange	1000
Star	STGH04E		5	Simply Orange	1000
Star	STGH04E		6	Simply Orange	1000
Star	STGH04E		7	Simply Orange	1000
Star	STGH04E		8	Simply Orange	1000
Star	STGH04E		9	Simply Orange	1000
Star	STGH04E		10	Simply Orange	1000
Star	STGH04E		11	Simply Orange	1000
Star	STGH04F	2585	1	Simply Orange	1000
Star	STGH04F		2	Simply Orange	1000
Star	STGH04F		3	Simply Orange	1000
Star	STGH04F		4	Simply Orange	1000
Star	STGH04F		5	Simply Orange	1000
Star	STGH04F		6	Simply Orange	1000
Star	STGH04F		7	Simply Orange	1000
Star	STGH04F		8	Simply Orange	1000
Star	STGH04F		9	Simply Orange	1000
Star	STGH04F		10	Simply Orange	1000
Star	STGH04F		11	Simply Orange	1000
Star	STGH05A	5060	1	Confidential	1000
Star	STGH05A		2	Confidential	1000
Star	STGH05A		3	Confidential	1000
Star	STGH05A		4	Confidential	1000
Star	STGH05A		5	Confidential	1000
Star	STGH05A		6	Confidential	1000
Star	STGH05A		7	Confidential	1000
Star	STGH05A		8	Confidential	1000
Star	STGH05A		9	Confidential	1000
Star	STGH05A		10	Confidential	1000
Star	STGH05A		11	Confidential	1000
Star	STGH05B	5060	1	Confidential	1000
Star	STGH05B		2	Confidential	1000
Star	STGH05B		3	Confidential	1000
Star	STGH05B		4	Confidential	1000
Star	STGH05B		5	Confidential	1000
Star	STGH05B		6	Confidential	1000
Star	STGH05B		7	Confidential	1000
Star	STGH05B		8	Confidential	1000
Star	STGH05B		9	Confidential	1000
Star	STGH05B		10	Confidential	1000
Star	STGH05B		11	Confidential	1000
Star	STGH06A	3850	1	Simply Pink	1000
Star	STGH06A		2	Simply Pink	1000
Star	STGH06A		3	Simply Pink	1000
Star	STGH06A		4	Simply Pink	1000
Star	STGH06A		5	Simply Pink	1000
Star	STGH06A		6	Simply Pink	1000
Star	STGH06A		7	Simply Pink	1000
Star	STGH06A		8	Simply Pink	1000
Star	STGH06A		9	Simply Pink	1000
Star	STGH06A		10	Simply Pink	1000
Star	STGH06A		11	Simply Pink	1000
Star	STGH06B	3850	1	Simply Pink	1000
Star	STGH06B		2	Simply Pink	1000
Star	STGH06B		3	Simply Pink	1000
Star	STGH06B		4	Simply Pink	1000
Star	STGH06B		5	Simply Pink	1000
Star	STGH06B		6	Simply Pink	1000
Star	STGH06B		7	Simply Pink	1000
Star	STGH06B		8	Simply Pink	1000
Star	STGH06B		9	Simply Pink	1000
Star	STGH06B		10	Simply Pink	1000
Star	STGH06B		11	Simply Pink	1000
Star	STGH06C	3850	1	Moonwalk	1000
Star	STGH06C		2	Moonwalk	1000
Star	STGH06C		3	Moonwalk	1000
Star	STGH06C		4	Moonwalk	1000
Star	STGH06C		5	Moonwalk	1000
Star	STGH06C		6	Moonwalk	1000
Star	STGH06C		7	Moonwalk	1000
Star	STGH06C		8	Moonwalk	1000
Star	STGH06C		9	Moonwalk	1000
Star	STGH06C		10	Moonwalk	1000
Star	STGH06C		11	Moonwalk	1000
Star	STGH06D	3850	1	Moonwalk	1000
Star	STGH06D		2	Moonwalk	1000
Star	STGH06D		3	Moonwalk	1000
Star	STGH06D		4	Moonwalk	1000
Star	STGH06D		5	Moonwalk	1000
Star	STGH06D		6	Moonwalk	1000
Star	STGH06D		7	Moonwalk	1000
Star	STGH06D		8	Moonwalk	1000
Star	STGH06D		9	Moonwalk	1000
Star	STGH06D		10	Moonwalk	1000
Star	STGH06D		11	Moonwalk	1000
Star	STGH07A	5198.25	1	Moonwalk	1000
Star	STGH07A		2	Moonwalk	1000
Star	STGH07A		3	Moonwalk	1000
Star	STGH07A		4	Moonwalk	1000
Star	STGH07A		5	Moonwalk	1000
Star	STGH07A		6	Moonwalk	1000
Star	STGH07A		7	Moonwalk	1000
Star	STGH07A		8	Moonwalk	1000
Star	STGH07A		9	Moonwalk	1000
Star	STGH07A		10	Moonwalk	1000
Star	STGH07A		11	Moonwalk	1000
Star	STGH07B	5198.25	1	Moonwalk	1000
Star	STGH07B		2	Moonwalk	1000
Star	STGH07B		3	Moonwalk	1000
Star	STGH07B		4	Moonwalk	1000
Star	STGH07B		5	Moonwalk	1000
Star	STGH07B		6	Moonwalk	1000
Star	STGH07B		7	Moonwalk	1000
Star	STGH07B		8	Moonwalk	1000
Star	STGH07B		9	Moonwalk	1000
Star	STGH07B		10	Moonwalk	1000
Star	STGH07B		11	Moonwalk	1000
Star	STGH07C	5198.25	1	Moonwalk	1000
Star	STGH07C		2	Moonwalk	1000
Star	STGH07C		3	Moonwalk	1000
Star	STGH07C		4	Moonwalk	1000
Star	STGH07C		5	Moonwalk	1000
Star	STGH07C		6	Moonwalk	1000
Star	STGH07C		7	Moonwalk	1000
Star	STGH07C		8	Moonwalk	1000
Star	STGH07C		9	Moonwalk	1000
Star	STGH07C		10	Moonwalk	1000
Star	STGH07C		11	Moonwalk	1000
Star	STGH07D	5198.25	1	Moonwalk	1000
Star	STGH07D		2	Moonwalk	1000
Star	STGH07D		3	Moonwalk	1000
Star	STGH07D		4	Moonwalk	1000
Star	STGH07D		5	Moonwalk	1000
Star	STGH07D		6	Moonwalk	1000
Star	STGH07D		7	Moonwalk	1000
Star	STGH07D		8	Moonwalk	1000
Star	STGH07D		9	Moonwalk	1000
Star	STGH07D		10	Moonwalk	1000
Star	STGH07D		11	Moonwalk	1000
Star	STGH08A	3901	1	Inka	1000
Star	STGH08A		2	Inka	1000
Star	STGH08A		3	Inka	1000
Star	STGH08A		4	Inka	1000
Star	STGH08A		5	Inka	1000
Star	STGH08A		6	Inka	1000
Star	STGH08A		7	Inka	1000
Star	STGH08A		8	Inka	1000
Star	STGH08A		9	Inka	1000
Star	STGH08A		10	Inka	1000
Star	STGH08A		11	Inka	1000
Star	STGH08B	3901	1	Inka	1000
Star	STGH08B		2	Inka	1000
Star	STGH08B		3	Inka	1000
Star	STGH08B		4	Inka	1000
Star	STGH08B		5	Inka	1000
Star	STGH08B		6	Inka	1000
Star	STGH08B		7	Inka	1000
Star	STGH08B		8	Inka	1000
Star	STGH08B		9	Inka	1000
Star	STGH08B		10	Inka	1000
Star	STGH08B		11	Inka	1000
Star	STGH08C	3901	1	Inka	1000
Star	STGH08C		2	Inka	1000
Star	STGH08C		3	Inka	1000
Star	STGH08C		4	Inka	1000
Star	STGH08C		5	Inka	1000
Star	STGH08C		6	Inka	1000
Star	STGH08C		7	Inka	1000
Star	STGH08C		8	Inka	1000
Star	STGH08C		9	Inka	1000
Star	STGH08C		10	Inka	1000
Star	STGH08C		11	Inka	1000
Star	STGH08D	3901	1	Inka	1000
Star	STGH08D		2	Inka	1000
Star	STGH08D		3	Inka	1000
Star	STGH08D		4	Inka	1000
Star	STGH08D		5	Inka	1000
Star	STGH08D		6	Inka	1000
Star	STGH08D		7	Inka	1000
Star	STGH08D		8	Inka	1000
Star	STGH08D		9	Inka	1000
Star	STGH08D		10	Inka	1000
Star	STGH08D		11	Inka	1000
Star	STGH09A	2330	1	Madam Red	1000
Star	STGH09A		2	Madam Red	1000
Star	STGH09A		3	Madam Red	1000
Star	STGH09A		4	Madam Red	1000
Star	STGH09A		5	Madam Red	1000
Star	STGH09A		6	Madam Red	1000
Star	STGH09A		7	Madam Red	1000
Star	STGH09A		8	Madam Red	1000
Star	STGH09A		9	Madam Red	1000
Star	STGH09A		10	Madam Red	1000
Star	STGH09A		11	Madam Red	1000
Star	STGH09B	2330	1	Madam Red	1000
Star	STGH09B		2	Madam Red	1000
Star	STGH09B		3	Madam Red	1000
Star	STGH09B		4	Madam Red	1000
Star	STGH09B		5	Madam Red	1000
Star	STGH09B		6	Madam Red	1000
Star	STGH09B		7	Madam Red	1000
Star	STGH09B		8	Madam Red	1000
Star	STGH09B		9	Madam Red	1000
Star	STGH09B		10	Madam Red	1000
Star	STGH09B		11	Madam Red	1000
Star	STGH10A	4290	1	Madam Red	1000
Star	STGH10A		2	Madam Red	1000
Star	STGH10A		3	Madam Red	1000
Star	STGH10A		4	Madam Red	1000
Star	STGH10A		5	Madam Red	1000
Star	STGH10A		6	Madam Red	1000
Star	STGH10A		7	Madam Red	1000
Star	STGH10A		8	Madam Red	1000
Star	STGH10A		9	Madam Red	1000
Star	STGH10A		10	Madam Red	1000
Star	STGH10A		11	Madam Red	1000
Star	STGH10B	4290	1	Madam Red	1000
Star	STGH10B		2	Madam Red	1000
Star	STGH10B		3	Madam Red	1000
Star	STGH10B		4	Madam Red	1000
Star	STGH10B		5	Madam Red	1000
Star	STGH10B		6	Madam Red	1000
Star	STGH10B		7	Madam Red	1000
Star	STGH10B		8	Madam Red	1000
Star	STGH10B		9	Madam Red	1000
Star	STGH10B		10	Madam Red	1000
Star	STGH10B		11	Madam Red	1000
Star	STGH10B		1	Madam Red	1000
Star	STGH10C	4290	2	Madam Red	1000
Star	STGH10C		3	Madam Red	1000
Star	STGH10C		4	Madam Red	1000
Star	STGH10C		5	Madam Red	1000
Star	STGH10C		6	Madam Red	1000
Star	STGH10C		7	Madam Red	1000
Star	STGH10C		8	Madam Red	1000
Star	STGH10C		9	Madam Red	1000
Star	STGH10C		10	Madam Red	1000
Star	STGH10C		11	Madam Red	1000
Star	STGH10C		1	Madam Red	1000
Star	STGH10D	4290	2	Madam Red	1000
Star	STGH10D		3	Madam Red	1000
Star	STGH10D		4	Madam Red	1000
Star	STGH10D		5	Madam Red	1000
Star	STGH10D		6	Madam Red	1000
Star	STGH10D		7	Madam Red	1000
Star	STGH10D		8	Madam Red	1000
Star	STGH10D		9	Madam Red	1000
Star	STGH10D		10	Madam Red	1000
Star	STGH10D		11	Madam Red	1000
Star	STGH11A	5610	1	Simply Pink	1000
Star	STGH11A		2	Simply Pink	1000
Star	STGH11A		3	Simply Pink	1000
Star	STGH11A		4	Simply Pink	1000
Star	STGH11A		5	Simply Pink	1000
Star	STGH11A		6	Simply Pink	1000
Star	STGH11A		7	Simply Pink	1000
Star	STGH11A		8	Simply Pink	1000
Star	STGH11A		9	Simply Pink	1000
Star	STGH11A		10	Simply Pink	1000
Star	STGH11A		11	Simply Pink	1000
Star	STGH11A		1	Simply Pink	1000
Star	STGH11B	5610	2	Simply Pink	1000
Star	STGH11B		3	Simply Pink	1000
Star	STGH11B		4	Simply Pink	1000
Star	STGH11B		5	Simply Pink	1000
Star	STGH11B		6	Simply Pink	1000
Star	STGH11B		7	Simply Pink	1000
Star	STGH11B		8	Simply Pink	1000
Star	STGH11B		9	Simply Pink	1000
Star	STGH11B		10	Simply Pink	1000
Star	STGH11B		11	Simply Pink	1000
Star	STGH11B		1	Athena	1000
Star	STGH11C	5610	2	Athena	1000
Star	STGH11C		3	Athena	1000
Star	STGH11C		4	Athena	1000
Star	STGH11C		5	Athena	1000
Star	STGH11C		6	Athena	1000
Star	STGH11C		7	Athena	1000
Star	STGH11C		8	Athena	1000
Star	STGH11C		9	Athena	1000
Star	STGH11C		10	Athena	1000
Star	STGH11C		11	Athena	1000
Star	STGH11D	5610	1	Athena	1000
Star	STGH11D		2	Athena	1000
Star	STGH11D		3	Athena	1000
Star	STGH11D		4	Athena	1000
Star	STGH11D		5	Athena	1000
Star	STGH11D		6	Athena	1000
Star	STGH11D		7	Athena	1000
Star	STGH11D		8	Athena	1000
Star	STGH11D		9	Athena	1000
Star	STGH11D		10	Athena	1000
Star	STGH11D		11	Athena	1000
Star	STGH12A	6600	1	Fuschiana	1000
Star	STGH12A		2	Fuschiana	1000
Star	STGH12A		3	Fuschiana	1000
Star	STGH12A		4	Fuschiana	1000
Star	STGH12A		5	Fuschiana	1000
Star	STGH12A		6	Fuschiana	1000
Star	STGH12A		7	Fuschiana	1000
Star	STGH12A		8	Fuschiana	1000
Star	STGH12A		9	Fuschiana	1000
Star	STGH12A		10	Fuschiana	1000
Star	STGH12A		11	Fuschiana	1000
Star	STGH12B	6600	1	Fuschiana	1000
Star	STGH12B		2	Fuschiana	1000
Star	STGH12B		3	Fuschiana	1000
Star	STGH12B		4	Fuschiana	1000
Star	STGH12B		5	Fuschiana	1000
Star	STGH12B		6	Fuschiana	1000
Star	STGH12B		7	Fuschiana	1000
Star	STGH12B		8	Fuschiana	1000
Star	STGH12B		9	Fuschiana	1000
Star	STGH12B		10	Fuschiana	1000
Star	STGH12B		11	Fuschiana	1000
Star	STGH12C	6660	7	Escape	1000
Star	STGH12C		8	Escape	1000
Star	STGH12C		9	Escape	1000
Star	STGH12C		10	Escape	1000
Star	STGH12C		11	Escape	1000
Star	STGH12C		1	Pink Arrow	1000
Star	STGH12C		2	Pink Arrow	1000
Star	STGH12C		3	Pink Arrow	1000
Star	STGH12C		4	Pink Arrow	1000
Star	STGH12C		5	Pink Arrow	1000
Star	STGH12C		6	Pink Arrow	1000
Star	STGH12D	6660	7	Escape	1000
Star	STGH12D		8	Escape	1000
Star	STGH12D		9	Escape	1000
Star	STGH12D		10	Escape	1000
Star	STGH12D		11	Escape	1000
Star	STGH12D		1	Pink Arrow	1000
Star	STGH12D		2	Pink Arrow	1000
Star	STGH12D		3	Pink Arrow	1000
Star	STGH12D		4	Pink Arrow	1000
Star	STGH12D		2	Pink Arrow	1000
Star	STGH12D		6	Pink Arrow	1000
Star	STGH013A	5543	1	Million Reason	1000
Star	STGH013A		2	Million Reason	1000
Star	STGH013A		3	Million Reason	1000
Star	STGH013A		4	Million Reason	1000
Star	STGH013A		5	Million Reason	1000
Star	STGH013A		6	Million Reason	1000
Star	STGH013A		7	Million Reason	1000
Star	STGH013A		8	Million Reason	1000
Star	STGH013A		9	Million Reason	1000
Star	STGH013A		10	Million Reason	1000
Star	STGH013A		11	Revolution	1000
Star	STGH013B	5543	1	Million Reason	1000
Star	STGH013B		2	Million Reason	1000
Star	STGH013B		3	Million Reason	1000
Star	STGH013B		4	Million Reason	1000
Star	STGH013B		5	Million Reason	1000
Star	STGH013B		6	Million Reason	1000
Star	STGH013B		7	Million Reason	1000
Star	STGH013B		8	Million Reason	1000
Star	STGH013B		9	Million Reason	1000
Star	STGH013B		10	Million Reason	1000
Star	STGH013B		11	Million Reason	1000
Star	STGH013C	5543	1	Million Reason	1000
Star	STGH013C		2	Million Reason	1000
Star	STGH013C		3	Million Reason	1000
Star	STGH013C		4	Million Reason	1000
Star	STGH013C		5	Million Reason	1000
Star	STGH013C		6	Million Reason	1000
Star	STGH013C		7	Million Reason	1000
Star	STGH013C		8	Million Reason	1000
Star	STGH013C		9	Million Reason	1000
Star	STGH13C		10	Million Reason	1000
Star	STGH13C		11	Million Reason	1000
Star	STGH13D	5543	1	Million Reason	1000
Star	STGH13D		2	Million Reason	1000
Star	STGH13D		3	Million Reason	1000
Star	STGH13D		4	Million Reason	1000
Star	STGH13D		5	Million Reason	1000
Star	STGH13D		6	Million Reason	1000
Star	STGH13D		7	Million Reason	1000
Star	STGH13D		8	Million Reason	1000
Star	STGH13D		9	Million Reason	1000
Star	STGH13D		10	Million Reason	1000
Star	STGH13D		11	Million Reason	1000
Star	STGH13E	5500	1	Moonwalk	1000
Star	STGH13E		2	Moonwalk	1000
Star	STGH13E		3	Moonwalk	1000
Star	STGH13E		4	Moonwalk	1000
Star	STGH13E		5	Moonwalk	1000
Star	STGH13E		6	Moonwalk	1000
Star	STGH13E		7	Moonwalk	1000
Star	STGH13E		8	Moonwalk	1000
Star	STGH13E		9	Moonwalk	1000
Star	STGH13E		10	Moonwalk	1000
Star	STGH13E		11	Moonwalk	1000
Star	STGH13F	5500	1	Moonwalk	1000
Star	STGH13F		2	Moonwalk	1000
Star	STGH13F		3	Moonwalk	1000
Star	STGH13F		4	Moonwalk	1000
Star	STGH13F		5	Moonwalk	1000
Star	STGH13F		6	Moonwalk	1000
Star	STGH13F		7	Moonwalk	1000
Star	STGH13F		8	Moonwalk	1000
Star	STGH13F		9	Moonwalk	1000
Star	STGH13F		10	Moonwalk	1000
Star	STGH13F		11	Moonwalk	1000
Star	STGH14A	5500	1	Moonwalk	1000
Star	STGH14A		2	Moonwalk	1000
Star	STGH14A		3	Moonwalk	1000
Star	STGH14A		4	Moonwalk	1000
Star	STGH14A		5	Moonwalk	1000
Star	STGH14A		6	Moonwalk	1000
Star	STGH14A		7	Moonwalk	1000
Star	STGH14A		8	Moonwalk	1000
Star	STGH14A		9	Moonwalk	1000
Star	STGH14A		10	Moonwalk	1000
Star	STGH14A		11	Moonwalk	1000
Star	STGH14B	5500	1	Moonwalk	1000
Star	STGH14B		2	Moonwalk	1000
Star	STGH14B		3	Moonwalk	1000
Star	STGH14B		4	Moonwalk	1000
Star	STGH14B		5	Moonwalk	1000
Star	STGH14B		6	Moonwalk	1000
Star	STGH14B		7	Moonwalk	1000
Star	STGH14B		8	Moonwalk	1000
Star	STGH14B		9	Moonwalk	1000
Star	STGH14B		10	Moonwalk	1000
Star	STGH14B		11	Moonwalk	1000
Star	STGH14C	5573	1	Fuschiana	1000
Star	STGH14C		2	Fuschiana	1000
Star	STGH14C		3	Fuschiana	1000
Star	STGH14C		4	Fuschiana	1000
Star	STGH14C		5	Fuschiana	1000
Star	STGH14C		6	Fuschiana	1000
Star	STGH14C		7	Fuschiana	1000
Star	STGH14C		8	Fuschiana	1000
Star	STGH14C		9	Fuschiana	1000
Star	STGH14C		10	Fuschiana	1000
Star	STGH14C		11	Fuschiana	1000
Star	STGH14D	5574	1	Fuschiana	1000
Star	STGH14D		2	Fuschiana	1000
Star	STGH14D		3	Fuschiana	1000
Star	STGH14D		4	Fuschiana	1000
Star	STGH14D		5	Fuschiana	1000
Star	STGH14D		6	Fuschiana	1000
Star	STGH14D		7	Fuschiana	1000
Star	STGH14D		8	Fuschiana	1000
Star	STGH14D		9	Fuschiana	1000
Star	STGH14D		10	Fuschiana	1000
Star	STGH14D		11	Fuschiana	1000
Star	STGH14E	5573	1	Fuschiana	1000
Star	STGH14E		2	Fuschiana	1000
Star	STGH14E		3	Fuschiana	1000
Star	STGH14E		4	Fuschiana	1000
Star	STGH14E		5	Fuschiana	1000
Star	STGH14E		6	Fuschiana	1000
Star	STGH14E		7	Fuschiana	1000
Star	STGH14E		8	Fuschiana	1000
Star	STGH14E		9	Fuschiana	1000
Star	STGH14E		10	Fuschiana	1000
Star	STGH14E		11	Fuschiana	1000
Star	STGH14F	5280	1	Orange Candy	1000
Star	STGH14F		2	Orange Candy	1000
Star	STGH14F		3	Orange Candy	1000
Star	STGH14F		4	Orange Candy	1000
Star	STGH14F		5	Orange Candy	1000
Star	STGH14F		6	Orange Candy	1000
Star	STGH14F		7	Orange Candy	1000
Star	STGH14F		8	Orange Candy	1000
Star	STGH14F		9	Orange Candy	1000
Star	STGH14F		10	Orange Candy	1000
Star	STGH14F		11	Orange Candy	1000
Star	STGH15A	6640	1	Natures White	1000
Star	STGH15A		2	Natures White	1000
Star	STGH15A		3	Natures White	1000
Star	STGH15A		4	Natures White	1000
Star	STGH15A		5	Natures White	1000
Star	STGH15A		6	Natures White	1000
Star	STGH15A		7	Natures White	1000
Star	STGH15A		8	Natures White	1000
Star	STGH15A		9	Natures White	1000
Star	STGH15A		10	Natures White	1000
Star	STGH15A		11	Natures White	1000
Star	STGH15A		12	Natures White	1000
Star	STGH15A		13	Natures White	1000
Star	STGH15A		14	Natures White	1000
Star	STGH15B	6640	1	Natures White	1000
Star	STGH15B		2	Natures White	1000
Star	STGH15B		3	Natures White	1000
Star	STGH15B		4	Natures White	1000
Star	STGH15B		5	Natures White	1000
Star	STGH15B		6	Natures White	1000
Star	STGH15B		7	Natures White	1000
Star	STGH15B		8	Natures White	1000
Star	STGH15B		9	Natures White	1000
Star	STGH15B		10	Natures White	1000
Star	STGH15B		11	Natures White	1000
Star	STGH15B		12	Natures White	1000
Star	STGH15B		13	Natures White	1000
Star	STGH15B		14	Natures White	1000
Star	STGH15C	6640	1	Natures White	1000
Star	STGH15C		2	Natures White	1000
Star	STGH15C		3	Natures White	1000
Star	STGH15C		4	Natures White	1000
Star	STGH15C		5	Natures White	1000
Star	STGH15C		6	Natures White	1000
Star	STGH15C		7	Natures White	1000
Star	STGH15C		8	Natures White	1000
Star	STGH15C		9	Natures White	1000
Star	STGH15C		10	Natures White	1000
Star	STGH15C		11	Natures White	1000
Star	STGH15C		12	Natures White	1000
Star	STGH15C		13	Natures White	1000
Star	STGH15C		14	Natures White	1000
Star	STGH15D	2490	1	Natures White	1000
Star	STGH15D		2	Natures White	1000
Star	STGH15D		3	Natures White	1000
Star	STGH15D		4	Natures White	1000
Star	STGH15D		5	Natures White	1000
Star	STGH15E	2490	1	Natures White	1000
Star	STGH15E		2	Natures White	1000
Star	STGH15E		3	Natures White	1000
Star	STGH15E		4	Natures White	1000
Star	STGH15E		5	Natures White	1000